Date,Open,High,Low,Close,Volume,Adj Close,SAR,EP,Trend,AF
2011-06-01,19.56,19.57,19.2,19.24,5615200,16.79,0,0,1,0
2011-06-02,19.18,19.42,19.11,19.35,7363000,16.88,19.11,19.57,0,0.02
2011-06-03,19.17,19.32,19.08,19.09,7129800,16.66,19.57,19.08,0,0.04
2011-06-06,19.04,19.17,18.93,19.09,5117900,16.66,19.5504,18.93,0,0.06
2011-06-07,19.18,19.21,19.06,19.09,5468800,16.66,19.5132,18.93,0,0.06
2011-06-08,19.09,19.13,18.89,18.9,8723100,16.49,19.4782,18.89,0,0.08
2011-06-09,18.93,18.96,18.75,18.82,5088200,16.42,19.4311,18.75,0,0.1
2011-06-10,18.8,19.15,18.76,18.86,6469200,16.45,19.363,18.75,0,0.1
2011-06-13,18.9,18.9,18.61,18.72,4088200,16.33,19.3017,18.61,0,0.12
2011-06-14,18.82,18.9,18.71,18.84,3437400,16.44,19.2187,18.61,0,0.12
2011-06-15,18.75,18.85,18.44,18.49,5163300,16.13,19.1457,18.44,0,0.14
2011-06-16,18.5,18.79,18.5,18.66,4127300,16.28,19.0469,18.44,0,0.14
2011-06-17,18.77,18.92,18.69,18.74,3898200,16.35,18.9619,18.44,0,0.14
2011-06-20,18.73,18.85,18.64,18.83,2605700,16.43,18.92,18.44,0,0.14
2011-06-21,18.9,19.11,18.84,19,3308800,16.58,18.92,18.44,1,0.02
2011-06-22,19,19.1,18.88,19.02,5535300,16.59,18.44,19.1,1,0.04
2011-06-23,18.85,18.89,18.47,18.76,5344400,16.37,18.4664,19.1,1,0.04
2011-06-24,18.81,19.22,18.76,18.95,8528600,16.53,18.47,19.22,1,0.06
2011-06-27,19.16,19.22,19.03,19.12,3549700,16.68,18.47,19.22,1,0.06
2011-06-28,19.21,19.29,19.12,19.24,2787100,16.79,18.515,19.29,1,0.08
2011-06-29,19.28,19.39,19.26,19.34,4772400,16.87,18.577,19.39,1,0.1
2011-06-30,19.4,19.51,19.24,19.35,4932700,16.88,18.6583,19.51,1,0.12
2011-07-01,19.44,19.81,19.36,19.79,2995200,17.27,18.7605,19.81,1,0.14
2011-07-05,19.67,19.8,19.57,19.75,3043700,17.23,18.9074,19.81,1,0.14
2011-07-06,19.69,19.81,19.58,19.81,3185400,17.28,19.0338,19.81,1,0.14
2011-07-07,19.95,19.95,19.76,19.8,2605500,17.27,19.1425,19.95,1,0.16
2011-07-08,19.62,19.75,19.53,19.75,2067500,17.23,19.2717,19.95,1,0.16
2011-07-11,19.54,19.55,19.27,19.29,2848800,16.83,19.3802,19.95,0,0.02
2011-07-12,19.21,19.66,19.2,19.45,4057100,16.97,19.95,19.2,0,0.04
2011-07-13,19.5,19.61,19.33,19.4,3103900,16.93,19.92,19.2,0,0.04
2011-07-14,19.41,19.61,19.27,19.31,3182700,16.85,19.8912,19.2,0,0.04
2011-07-15,19.36,19.43,19.14,19.39,4334700,16.92,19.8636,19.14,0,0.06
2011-07-18,19.29,19.41,19.17,19.4,3280200,16.93,19.8201,19.14,0,0.06
2011-07-19,19.5,19.74,19.34,19.71,3251000,17.2,19.7793,19.14,0,0.06
2011-07-20,19.81,20.18,19.76,20.12,5057300,17.55,19.741,19.14,1,0.02
2011-07-21,20.26,20.36,20.18,20.28,3395300,17.69,19.14,20.36,1,0.04
2011-07-22,20.34,20.34,20.03,20.26,2613200,17.68,19.1888,20.36,1,0.04
2011-07-25,19.9,20.18,19.9,20.1,3028100,17.54,19.2356,20.36,1,0.04
2011-07-26,20.14,20.14,20,20.05,2598900,17.49,19.2806,20.36,1,0.04
2011-07-27,19.98,20.14,19.98,20.05,3711900,17.49,19.3238,20.36,1,0.04
2011-07-28,20.11,20.12,19.75,19.79,4255700,17.27,19.3652,20.36,1,0.04
2011-07-29,19.62,19.86,19.41,19.58,4648800,17.08,19.405,20.36,1,0.04
2011-08-01,19.78,19.78,19.4,19.56,4869000,17.07,19.41,20.36,0,0.02
2011-08-02,19.45,19.68,19.29,19.29,3401900,16.83,20.36,19.29,0,0.04
2011-08-03,19.4,19.43,18.95,19.32,4134200,16.86,20.3172,18.95,0,0.06
2011-08-04,19.12,19.27,18.36,18.45,8191200,16.1,20.2352,18.36,0,0.08
2011-08-05,18.74,18.86,18.1,18.54,9523300,16.18,20.0852,18.1,0,0.1
2011-08-08,18.2,18.35,17.11,17.24,9447300,15.04,19.8866,17.11,0,0.12
2011-08-09,17.49,18.36,17.13,18.35,8608200,16.01,19.5534,17.11,0,0.12
2011-08-10,18.08,18.69,17.87,18.23,9403100,15.91,19.2602,17.11,0,0.12
2011-08-11,18.23,19.36,18.2,19.13,6120700,16.69,19.0022,17.11,1,0.02
2011-08-12,19.02,19.13,18.59,18.7,3330200,16.49,17.11,19.13,1,0.04
2011-08-15,18.91,19.54,18.87,19.54,3823200,17.23,17.1908,19.54,1,0.06
2011-08-16,19.34,19.41,19.06,19.35,3278300,17.06,17.3318,19.54,1,0.06
2011-08-17,19.46,19.74,19.39,19.44,2887200,17.14,17.4642,19.74,1,0.08
2011-08-18,19.09,19.23,18.71,18.85,6273400,16.62,17.6463,19.74,1,0.08
2011-08-19,18.67,19.07,18.62,18.73,3932900,16.51,17.8138,19.74,1,0.08
2011-08-22,19.02,19.1,18.53,18.66,3949300,16.45,17.9679,19.74,1,0.08
2011-08-23,18.94,19.24,18.61,19.21,9616300,16.94,18.1097,19.74,1,0.08
2011-08-24,19.25,19.72,19.15,19.57,7385700,17.25,18.2401,19.74,1,0.08
2011-08-25,19.7,19.7,19.02,19.24,4673200,16.96,18.3601,19.74,1,0.08
2011-08-26,19.16,19.55,18.72,19.55,4473100,17.24,18.4705,19.74,1,0.08
2011-08-29,19.8,19.91,19.56,19.83,5470200,17.48,18.572,19.91,1,0.1
2011-08-30,19.81,19.98,19.7,19.88,5133500,17.53,18.7058,19.98,1,0.12
2011-08-31,19.99,20.14,19.88,20.01,4343100,17.64,18.8587,20.14,1,0.14
2011-09-01,20.11,20.14,19.79,19.79,5325600,17.45,19.0381,20.14,1,0.14
2011-09-02,19.39,19.63,19.39,19.45,3498400,17.15,19.1924,20.14,1,0.14
2011-09-06,19.06,19.23,18.84,19.23,4988200,16.95,19.325,20.14,0,0.02
2011-09-07,19.44,19.61,19.29,19.61,4365500,17.29,20.14,19.29,0,0.04
2011-09-08,19.54,20.24,19.51,20.01,5641800,17.64,20.106,19.29,1,0.02
2011-09-09,19.76,19.79,19.27,19.52,5013800,17.21,19.29,19.79,0,0.02
2011-09-12,19.27,19.54,19.1,19.54,4182200,17.23,19.79,19.1,0,0.04
2011-09-13,19.52,19.85,19.26,19.83,3773100,17.48,19.79,19.1,1,0.02
2011-09-14,19.86,20.15,19.49,19.91,4426100,17.55,19.1,20.15,1,0.04
2011-09-15,20.05,20.08,19.71,19.88,4806900,17.53,19.142,20.15,1,0.04
2011-09-16,20.02,20.14,19.86,19.93,4668000,17.57,19.1823,20.15,1,0.04
2011-09-19,19.62,20.04,19.56,19.97,2563200,17.61,19.221,20.15,1,0.04
2011-09-20,19.99,20.45,19.85,20.13,3342900,17.75,19.2582,20.45,1,0.06
2011-09-21,20.07,20.13,19.34,19.36,4145500,17.07,19.3297,20.45,1,0.06
2011-09-22,18.91,18.95,18.53,18.71,6104400,16.49,19.34,20.45,0,0.02
2011-09-23,18.63,19.07,18.56,18.97,3938800,16.72,20.45,18.56,0,0.04
2011-09-26,19.11,19.24,18.86,19.24,3979500,16.96,20.3744,18.56,0,0.04
2011-09-27,19.57,19.66,19.14,19.23,4623800,16.95,20.3018,18.56,0,0.04
2011-09-28,19.22,19.42,19.08,19.12,4239400,16.86,20.2322,18.56,0,0.04
2011-09-29,19.47,20.39,19.38,19.96,10296700,17.6,20.1653,18.56,1,0.02
2011-09-30,19.78,20.1,19.62,19.62,5593700,17.3,18.56,20.1,1,0.04
2011-10-03,19.6,19.92,19.17,19.18,4663800,16.91,18.6216,20.1,1,0.04
2011-10-04,18.97,19.58,18.7,19.57,7200000,17.25,18.6807,20.1,1,0.04
2011-10-05,19.57,19.74,19.21,19.71,3237600,17.38,18.7,20.1,1,0.04
2011-10-06,19.72,20.13,19.58,20.13,3631600,17.75,18.7,20.13,1,0.06
2011-10-07,20.25,20.25,19.75,19.93,3641400,17.57,18.7858,20.25,1,0.08
2011-10-10,20.19,20.5,20.19,20.5,3020700,18.07,18.9029,20.5,1,0.1
2011-10-11,20.37,20.38,19.97,20.05,6191100,17.68,19.0626,20.5,1,0.1
2011-10-12,20.18,20.22,19.87,19.88,5419200,17.53,19.2064,20.5,1,0.1
2011-10-13,19.83,20.1,19.78,20.07,2820600,17.69,19.3357,20.5,1,0.1
2011-10-14,20.29,20.38,20.13,20.35,3359100,17.94,19.4522,20.5,1,0.1
2011-10-17,20.33,20.6,20.24,20.51,3798400,18.08,19.5569,20.6,1,0.12
2011-10-18,20.47,20.91,20.19,20.73,4629200,18.28,19.6821,20.91,1,0.14
2011-10-19,20.76,21.12,20.58,20.67,5044200,18.22,19.854,21.12,1,0.16
2011-10-20,20.76,21.03,20.7,20.94,3971400,18.46,20.0566,21.12,1,0.16
2011-10-21,21.18,21.33,20.99,21.23,3774000,18.72,20.2267,21.33,1,0.18
2011-10-24,21.21,21.39,21.13,21.25,2917100,18.73,20.4253,21.39,1,0.2
2011-10-25,21.22,21.33,20.89,20.91,3931400,18.43,20.6183,21.39,1,0.2
2011-10-26,21.15,21.2,20.82,21.02,8685600,18.53,20.7726,21.39,1,0.2
2011-10-27,21.3,21.39,21.13,21.25,8408500,18.73,20.82,21.39,1,0.2
2011-10-28,21.2,21.35,21.11,21.29,4019400,18.77,20.82,21.39,1,0.2
2011-10-31,21.19,21.23,20.83,20.84,5173800,18.37,20.934,21.39,0,0.02
2011-11-01,20.31,20.6,20.19,20.23,4749300,17.83,21.39,20.19,0,0.04
2011-11-02,20.51,21.47,19.68,20.08,12063900,17.7,21.342,19.68,1,0.02
2011-11-03,20.01,20.36,19.95,20.3,6163900,17.9,19.68,20.36,1,0.04
2011-11-04,20.16,20.41,20.07,20.31,4642800,17.91,19.68,20.41,1,0.06
2011-11-07,20.37,20.42,20.1,20.35,2806400,17.94,19.7238,20.42,1,0.08
2011-11-08,20.35,20.39,20.04,20.17,5022500,17.78,19.7795,20.42,1,0.08
2011-11-09,19.92,20.04,19.49,19.58,6303200,17.26,19.8307,20.42,0,0.02
2011-11-10,19.78,19.86,19.33,19.55,6781200,17.24,20.42,19.33,0,0.04
2011-11-11,19.76,19.85,19.67,19.8,5011300,17.46,20.3764,19.33,0,0.04
2011-11-14,19.52,19.56,19.05,19.25,6501000,17.14,20.3345,19.05,0,0.06
2011-11-15,19.12,19.67,19.01,19.6,6488600,17.45,20.2575,19.01,0,0.08
2011-11-16,19.47,19.59,19.24,19.27,3475100,17.16,20.1577,19.01,0,0.08
2011-11-17,19.3,19.51,19.16,19.36,4093400,17.24,20.0659,19.01,0,0.08
2011-11-18,19.44,19.51,19.3,19.36,2381700,17.24,19.9814,19.01,0,0.08
2011-11-21,19.13,19.2,18.86,19.01,2669600,16.93,19.9037,18.86,0,0.1
2011-11-22,19.03,19.11,18.83,18.9,2890800,16.83,19.7993,18.83,0,0.12
2011-11-23,18.76,18.8,18.59,18.68,2832600,16.63,19.683,18.59,0,0.14
2011-11-25,18.6,18.77,18.59,18.59,1222300,16.55,19.53,18.59,0,0.14
2011-11-28,19,19.15,18.84,18.97,2826800,16.89,19.3984,18.59,0,0.14
2011-11-29,19.07,19.3,19.06,19.22,2714800,17.12,19.2852,18.59,1,0.02
2011-11-30,19.66,19.92,19.51,19.9,5235800,17.72,18.59,19.92,1,0.04
2011-12-01,19.82,19.95,19.77,19.8,2799100,17.63,18.6432,19.95,1,0.06
2011-12-02,19.93,19.96,19.61,19.63,2762400,17.48,18.7216,19.96,1,0.08
2011-12-05,19.89,19.96,19.68,19.79,2981300,17.62,18.8207,19.96,1,0.08
2011-12-06,19.86,19.91,19.67,19.68,3348800,17.53,18.9118,19.96,1,0.08
2011-12-07,19.6,19.9,19.53,19.8,3166100,17.63,18.9957,19.96,1,0.08
2011-12-08,19.75,19.77,19.34,19.42,2970400,17.29,19.0728,19.96,1,0.08
2011-12-09,19.53,19.87,19.45,19.83,4504700,17.66,19.1438,19.96,1,0.08
2011-12-12,19.62,19.67,19.22,19.44,2725200,17.31,19.2091,19.96,1,0.08
2011-12-13,19.55,19.62,19.12,19.2,4004900,17.1,19.22,19.96,0,0.02
2011-12-14,19.14,19.26,18.74,18.76,5812400,16.71,19.96,18.74,0,0.04
2011-12-15,18.88,19.17,18.79,19.1,3406300,17.01,19.9112,18.74,0,0.04
2011-12-16,19.17,19.35,19.15,19.22,4881800,17.12,19.8644,18.74,0,0.04
2011-12-19,19.33,19.39,19.04,19.1,2353400,17.01,19.8194,18.74,0,0.04
2011-12-20,19.26,19.57,19.23,19.52,2559400,17.38,19.7762,18.74,0,0.04
2011-12-21,19.54,19.76,19.43,19.76,2590700,17.6,19.7348,18.74,1,0.02
2011-12-22,19.83,19.99,19.7,19.92,2291800,17.74,18.74,19.99,1,0.04
2011-12-23,19.98,20.23,19.91,20.22,1333700,18.01,18.79,20.23,1,0.06
2011-12-27,20.18,20.33,20.12,20.31,1332500,18.09,18.8764,20.33,1,0.08
2011-12-28,20.37,20.46,20.12,20.17,1752600,17.96,18.9927,20.46,1,0.1
2011-12-29,20.16,20.27,20.12,20.23,1605200,18.01,19.1394,20.46,1,0.1
2011-12-30,20.3,20.31,20.07,20.09,1591800,17.89,19.2715,20.46,1,0.1
2012-01-03,20.31,20.35,19.84,19.89,1898600,17.71,19.3903,20.46,1,0.1
2012-01-04,19.81,20.08,19.73,19.79,2595200,17.62,19.4973,20.46,1,0.1
2012-01-05,19.69,19.86,19.6,19.8,3991200,17.63,19.5936,20.46,1,0.1
2012-01-06,19.77,19.84,19.5,19.54,3143600,17.4,19.6,20.46,0,0.02
2012-01-09,19.55,19.72,19.53,19.7,1882300,17.54,20.46,19.53,0,0.04
2012-01-10,19.85,19.89,19.52,19.55,3022800,17.41,20.4228,19.52,0,0.06
2012-01-11,19.53,19.57,19.29,19.32,1784400,17.2,20.3686,19.29,0,0.08
2012-01-12,19.41,19.45,19.12,19.16,3250300,17.06,20.2823,19.12,0,0.1
2012-01-13,19.08,19.19,18.98,19.09,2839900,17,20.1661,18.98,0,0.12
2012-01-17,19.31,19.38,19.01,19.13,5639200,17.04,20.0238,18.98,0,0.12
2012-01-18,19.09,19.13,18.88,18.94,3455400,16.87,19.8985,18.88,0,0.14
2012-01-19,18.91,18.93,18.41,18.43,5534900,16.41,19.7559,18.41,0,0.16
2012-01-20,18.74,18.82,18.43,18.81,10466500,16.75,19.5406,18.41,0,0.16
2012-01-23,18.85,18.92,18.73,18.74,4067800,16.69,19.3597,18.41,0,0.16
2012-01-24,18.41,18.64,18.32,18.58,3946400,16.55,19.2077,18.32,0,0.18
2012-01-25,18.51,18.76,18.35,18.72,4907000,16.67,19.0479,18.32,0,0.18
2012-01-26,18.8,18.86,18.43,18.48,5568000,16.46,18.9169,18.32,0,0.18
2012-01-27,18.48,18.48,18.13,18.23,5903000,16.23,18.86,18.13,0,0.2
2012-01-30,18.18,18.4,18.07,18.34,6976400,16.33,18.86,18.07,0,0.2
2012-01-31,18.37,18.56,18.22,18.47,5289600,16.45,18.702,18.07,0,0.2
2012-02-01,18.58,18.86,18.55,18.68,4573100,16.63,18.5756,18.07,1,0.02
2012-02-02,18.66,18.75,18.53,18.58,2632900,16.55,18.07,18.75,1,0.04
2012-02-03,18.93,19.04,18.72,18.88,6469900,16.81,18.0972,19.04,1,0.06
2012-02-06,18.85,18.89,18.66,18.77,3096000,16.71,18.1538,19.04,1,0.06
2012-02-07,18.71,18.97,18.61,18.87,4641700,16.8,18.2069,19.04,1,0.06
2012-02-08,18.87,18.92,18.8,18.89,6009600,16.82,18.2569,19.04,1,0.06
2012-02-09,18.9,18.92,18.76,18.84,12613000,16.78,18.3039,19.04,1,0.06
2012-02-10,18.76,18.92,18.72,18.91,12539900,16.84,18.3481,19.04,1,0.06
2012-02-13,19,19.07,18.85,18.86,3753600,16.79,18.3896,19.07,1,0.08
2012-02-14,18.6,18.73,18.52,18.63,4435600,16.77,18.444,19.07,1,0.08
2012-02-15,18.63,18.94,18.47,18.84,8915700,16.96,18.4941,19.07,0,0.02
2012-02-16,18.82,19.01,18.75,18.85,10510800,16.97,19.07,18.75,0,0.04
2012-02-17,18.85,19.24,18.77,18.98,7527000,17.09,19.0572,18.75,1,0.02
2012-02-21,19.04,19.13,18.89,18.95,4441900,17.06,18.75,19.13,1,0.04
2012-02-22,18.95,19.07,18.74,18.79,3276100,16.91,18.7652,19.13,0,0.02
2012-02-23,18.79,18.89,18.74,18.83,2273900,16.95,19.13,18.74,0,0.04
2012-02-24,18.84,18.92,18.73,18.8,2272700,16.92,19.1144,18.73,0,0.06
2012-02-27,18.75,18.8,18.55,18.62,4152200,16.76,19.0913,18.55,0,0.08
2012-02-28,18.62,18.72,18.47,18.52,7224200,16.67,19.048,18.47,0,0.1
2012-02-29,18.59,19.68,18.59,19.49,19686800,17.54,18.9902,18.47,1,0.02
2012-03-01,19.38,19.41,19.14,19.36,7966200,17.43,18.47,19.41,1,0.04
2012-03-02,19.3,19.57,19.25,19.53,4672300,17.58,18.5076,19.57,1,0.06
2012-03-05,19.32,19.45,19.11,19.31,6245900,17.38,18.5713,19.57,1,0.06
2012-03-06,19.13,19.28,19.06,19.16,3338000,17.25,18.6313,19.57,1,0.06
2012-03-07,19.13,19.47,19.07,19.29,8124600,17.36,18.6876,19.57,1,0.06
2012-03-08,19.36,19.48,19.21,19.42,7696100,17.48,18.7405,19.57,1,0.06
2012-03-09,19.44,19.46,19.24,19.26,4015300,17.34,18.7903,19.57,1,0.06
2012-03-12,19.32,19.44,19.13,19.37,3512000,17.44,18.8371,19.57,1,0.06
2012-03-13,19.41,19.48,19.28,19.47,3396200,17.53,18.8811,19.57,1,0.06
2012-03-14,19.44,19.44,19.1,19.14,4846800,17.23,18.9224,19.57,1,0.06
2012-03-15,19.2,19.29,18.96,19.22,5229400,17.3,18.9613,19.57,0,0.02
2012-03-16,19.21,19.27,19.04,19.07,3675100,17.17,19.57,19.04,0,0.04
2012-03-19,19.08,19.17,18.93,18.94,3266200,17.05,19.5488,18.93,0,0.06
2012-03-20,18.88,19.19,18.88,19.15,3504500,17.24,19.5117,18.88,0,0.08
2012-03-21,19.13,19.26,19.1,19.13,2007500,17.22,19.4611,18.88,0,0.08
2012-03-22,19.05,19.38,19.05,19.3,6004200,17.37,19.4146,18.88,0,0.08
2012-03-23,19.27,19.38,19.25,19.31,3019600,17.38,19.38,18.88,0,0.08
2012-03-26,19.39,19.55,19.33,19.49,3115000,17.54,19.38,18.88,1,0.02
2012-03-27,19.52,19.64,19.47,19.54,2326100,17.59,18.88,19.64,1,0.04
2012-03-28,19.53,19.54,19.04,19.17,5081100,17.26,18.9104,19.64,1,0.04
2012-03-29,19.1,19.35,18.98,19.35,3193200,17.42,18.9396,19.64,1,0.04
2012-03-30,19.45,19.74,19.39,19.72,4899800,17.75,18.9676,19.74,1,0.06
2012-04-02,19.73,19.94,19.61,19.87,4373400,17.89,18.98,19.94,1,0.08
2012-04-03,19.94,19.96,19.6,19.82,3421000,17.84,19.0568,19.96,1,0.1
2012-04-04,19.69,19.77,19.58,19.63,3599600,17.67,19.1471,19.96,1,0.1
2012-04-05,19.63,19.69,19.42,19.55,3328200,17.6,19.2284,19.96,1,0.1
2012-04-09,19.37,19.51,19.32,19.42,2108400,17.48,19.3016,19.96,1,0.1
2012-04-10,19.34,19.39,19,19.06,3336700,17.16,19.32,19.96,0,0.02
2012-04-11,19.23,19.26,19.05,19.07,3027400,17.17,19.96,19.05,0,0.04
2012-04-12,19.06,19.26,18.91,19.26,2875700,17.34,19.9236,18.91,0,0.06
2012-04-13,19.21,19.34,19.13,19.17,3540400,17.26,19.8628,18.91,0,0.06
2012-04-16,19.21,19.35,19.1,19.32,4044100,17.39,19.8056,18.91,0,0.06
2012-04-17,19.41,19.49,19.17,19.48,3327000,17.54,19.7519,18.91,0,0.06
2012-04-18,19.4,19.43,19.25,19.32,2664500,17.39,19.7014,18.91,0,0.06
2012-04-19,19.31,19.44,19.2,19.33,2967900,17.4,19.6539,18.91,0,0.06
2012-04-20,19.37,19.63,19.37,19.53,2170900,17.58,19.6093,18.91,1,0.02
2012-04-23,19.4,19.45,19.14,19.28,4393300,17.36,18.91,19.45,1,0.04
2012-04-24,19.33,19.53,19.28,19.53,3386100,17.58,18.9316,19.53,1,0.06
2012-04-25,19.64,19.8,19.54,19.72,3217300,17.75,18.9675,19.8,1,0.08
2012-04-26,19.67,19.92,19.6,19.85,3608500,17.87,19.0341,19.92,1,0.1
2012-04-27,19.94,20.12,19.7,20.05,8510200,18.05,19.1227,20.12,1,0.12
2012-04-30,20.01,20.24,19.91,20.21,3219700,18.19,19.2424,20.24,1,0.14
2012-05-01,20.26,20.46,20.08,20.42,4936900,18.38,19.382,20.46,1,0.16
2012-05-02,20.34,20.36,19.94,20.05,5934800,18.05,19.5545,20.46,1,0.16
2012-05-03,20.09,20.31,19.62,19.72,10032800,17.75,19.6994,20.46,0,0.02
2012-05-04,19.87,20.15,19.77,20.05,6155600,18.05,20.46,19.77,0,0.04
2012-05-07,20.03,20.05,19.84,19.89,3074800,17.9,20.4324,19.77,0,0.04
2012-05-08,19.76,19.9,19.7,19.89,5511200,17.9,20.4059,19.7,0,0.06
2012-05-09,19.7,19.84,19.52,19.77,5452000,17.8,20.3635,19.52,0,0.08
2012-05-10,19.92,20.31,19.84,20.25,7080600,18.23,20.2961,19.52,1,0.02
2012-05-11,20.15,20.31,20.04,20.24,5833600,18.22,19.52,20.31,1,0.04
2012-05-14,19.97,20.2,19.9,20.08,4101800,18.26,19.5516,20.31,1,0.04
2012-05-15,20.02,20.26,19.79,19.83,6787900,18.03,19.5819,20.31,1,0.04
2012-05-16,19.89,20.21,19.86,20.02,7790500,18.2,19.6111,20.31,1,0.04
2012-05-17,20.02,20.14,19.7,19.83,5421300,18.03,19.639,20.31,1,0.04
2012-05-18,19.83,19.94,19.56,19.62,3954100,17.84,19.6659,20.31,0,0.02
2012-05-21,19.61,19.86,19.56,19.86,3351600,18.06,20.31,19.56,0,0.04
2012-05-22,19.88,20.14,19.77,19.98,3413700,18.17,20.28,19.56,0,0.04
2012-05-23,19.9,20,19.7,19.87,4167600,18.07,20.2512,19.56,0,0.04
2012-05-24,19.87,20.14,19.82,20.03,2470100,18.21,20.2236,19.56,0,0.04
2012-05-25,20.06,20.18,19.97,20.18,2786700,18.35,20.197,19.56,0,0.04
2012-05-29,20.25,20.25,20.04,20.24,2995600,18.4,20.18,19.56,1,0.02
2012-05-30,20.16,20.31,20,20.02,2797900,18.2,19.56,20.31,1,0.04
2012-05-31,20.06,20.39,19.96,20.23,4120300,18.4,19.59,20.39,1,0.06
2012-06-01,20.01,20.07,19.82,19.97,5407600,18.16,19.638,20.39,1,0.06
2012-06-04,20.03,20.03,19.65,19.78,6432900,17.99,19.6831,20.39,0,0.02
2012-06-05,19.79,20.11,19.67,19.93,2872300,18.12,20.39,19.67,0,0.04
2012-06-06,20.01,20.15,19.85,20.15,3578000,18.32,20.3612,19.67,0,0.04
2012-06-07,20.25,20.35,20.22,20.32,2840900,18.48,20.3336,19.67,1,0.02
2012-06-08,20.32,20.43,20.23,20.4,2155300,18.55,19.67,20.43,1,0.04
2012-06-11,20.5,20.5,20.12,20.16,4677700,18.33,19.7004,20.5,1,0.06
2012-06-12,20.18,20.31,20.07,20.3,1785700,18.46,19.7484,20.5,1,0.06
2012-06-13,20.26,20.34,20.03,20.3,2994500,18.46,19.7935,20.5,1,0.06
2012-06-14,20.33,20.46,20.28,20.41,1917800,18.56,19.8359,20.5,1,0.06
2012-06-15,20.48,20.73,20.38,20.62,3853200,18.75,19.8757,20.73,1,0.08
2012-06-18,20.53,20.75,20.53,20.71,1925700,18.83,19.9441,20.75,1,0.1
2012-06-19,20.76,21,20.58,20.59,5033600,18.72,20.0247,21,1,0.12
2012-06-20,20.62,20.78,20.34,20.58,4089300,18.71,20.1417,21,1,0.12
2012-06-21,20.41,20.62,20.14,20.18,4365500,18.35,20.2447,21,0,0.02
2012-06-22,20.3,20.44,20.2,20.34,3175300,18.5,21,20.2,0,0.04
2012-06-25,20.19,20.31,20.08,20.28,1768000,18.44,20.968,20.08,0,0.06
2012-06-26,20.34,20.38,20.23,20.29,1578700,18.45,20.9147,20.08,0,0.06
2012-06-27,20.29,20.56,20.29,20.52,2941100,18.66,20.8646,20.08,0,0.06
2012-06-28,20.45,20.64,20.32,20.62,1682000,18.75,20.8176,20.08,0,0.06
2012-06-29,20.86,21,20.55,20.67,3668000,18.8,20.7733,20.08,1,0.02
2012-07-02,20.76,20.83,20.6,20.76,3287700,18.88,20.08,20.83,1,0.04
2012-07-03,20.71,20.74,20.57,20.65,1580000,18.78,20.11,20.83,1,0.04
2012-07-05,20.59,20.62,20.39,20.46,2536900,18.6,20.1388,20.83,1,0.04
2012-07-06,20.35,20.59,20.29,20.57,2313700,18.7,20.1664,20.83,1,0.04
2012-07-09,20.51,20.58,20.4,20.56,2559600,18.7,20.193,20.83,1,0.04
2012-07-10,20.6,20.74,20.38,20.47,1984500,18.61,20.2185,20.83,1,0.04
2012-07-11,20.46,20.59,20.4,20.52,2069400,18.66,20.2429,20.83,1,0.04
2012-07-12,20.42,20.72,20.38,20.63,1996800,18.76,20.2664,20.83,1,0.04
2012-07-13,20.65,20.99,20.65,20.99,2250300,19.09,20.289,20.99,1,0.06
2012-07-16,20.98,21,20.64,20.7,3023500,18.82,20.331,21,1,0.08
2012-07-17,20.73,20.84,20.56,20.8,1913000,18.91,20.3845,21,1,0.08
2012-07-18,20.75,20.95,20.73,20.95,1730900,19.05,20.4338,21,1,0.08
2012-07-19,20.87,20.94,20.56,20.92,3298300,19.02,20.4791,21,1,0.08
2012-07-20,20.91,21.18,20.82,21.15,4757900,19.23,20.5207,21.18,1,0.1
2012-07-23,21,21.04,20.78,20.97,3461400,19.07,20.56,21.18,1,0.1
2012-07-24,20.93,20.95,20.48,20.55,5142700,18.69,20.622,21.18,0,0.02
2012-07-25,20.66,20.81,20.36,20.57,3036000,18.7,21.18,20.36,0,0.04
2012-07-26,20.73,20.95,20.73,20.89,2827900,19,21.1472,20.36,0,0.04
2012-07-27,21.02,21.23,20.95,21.19,4745300,19.27,21.1157,20.36,1,0.02
2012-07-30,21.1,21.23,20.99,21.19,3132900,19.27,20.36,21.23,1,0.04
2012-07-31,21.17,21.27,21.03,21.06,2456800,19.15,20.3948,21.27,1,0.06
2012-08-01,21.08,21.44,20.87,20.9,3490300,19,20.4473,21.44,1,0.08
2012-08-02,20.76,21.18,20.47,20.83,4782800,18.94,20.5267,21.44,0,0.02
2012-08-03,21.13,21.39,21.03,21.16,2963500,19.24,21.44,21.03,0,0.04
2012-08-06,21.25,21.4,20.93,21.06,3876800,19.15,21.4236,20.93,0,0.06
2012-08-07,21.16,21.3,21.03,21.04,3252800,19.13,21.4,20.93,0,0.06
2012-08-08,21.07,21.14,20.93,21.11,3546200,19.2,21.4,20.93,0,0.06
2012-08-09,21.06,21.1,20.97,21.01,2523800,19.1,21.3718,20.93,0,0.06
2012-08-10,20.99,21.13,20.93,21.08,2405700,19.17,21.3453,20.93,0,0.06
2012-08-13,21.07,21.12,20.76,20.78,3067000,18.9,21.3204,20.76,0,0.08
2012-08-14,20.59,20.69,20.38,20.55,10993800,18.87,21.2755,20.38,0,0.1
2012-08-15,20.56,20.65,20.48,20.51,3340600,18.83,21.186,20.38,0,0.1
2012-08-16,20.48,20.56,20.36,20.42,2699600,18.75,21.1054,20.36,0,0.12
2012-08-17,20.35,20.45,20.22,20.24,2771000,18.59,21.0159,20.22,0,0.14
2012-08-20,20.22,20.43,20.14,20.43,2803800,18.76,20.9045,20.14,0,0.16
2012-08-21,20.41,20.65,20.3,20.43,3424700,18.76,20.7822,20.14,0,0.16
2012-08-22,20.66,20.69,20.34,20.38,2839200,18.71,20.6794,20.14,1,0.02
2012-08-23,20.37,20.4,20.18,20.24,2845800,18.59,20.14,20.4,1,0.04
2012-08-24,20.23,20.36,20.18,20.32,2174800,18.66,20.1504,20.4,1,0.04
2012-08-27,20.29,20.51,20.29,20.46,1875000,18.79,20.1604,20.51,1,0.06
2012-08-28,20.41,20.63,20.4,20.6,3796900,18.92,20.18,20.63,1,0.08
2012-08-29,20.57,20.65,20.5,20.58,1900800,18.9,20.216,20.65,1,0.1
2012-08-30,20.5,20.58,20.39,20.52,1574200,18.84,20.2594,20.65,1,0.1
2012-08-31,20.57,20.65,20.33,20.39,2560400,18.72,20.2985,20.65,1,0.1
2012-09-04,20.41,20.67,20.3,20.63,2989300,18.94,20.33,20.67,0,0.02
2012-09-05,20.63,20.75,20.5,20.64,3494400,18.95,20.67,20.5,1,0.02
2012-09-06,20.72,20.99,20.69,20.99,3582000,19.27,20.5,20.99,1,0.04
2012-09-07,20.98,21,20.86,20.95,2807100,19.24,20.5,21,1,0.06
2012-09-10,21.01,21.03,20.91,20.93,1670600,19.22,20.53,21.03,1,0.08
2012-09-11,20.9,20.98,20.85,20.9,1343900,19.19,20.57,21.03,1,0.08
2012-09-12,20.91,20.94,20.69,20.7,2051200,19.01,20.6068,21.03,1,0.08
2012-09-13,20.68,21.1,20.65,21.1,2503700,19.38,20.6407,21.1,1,0.1
2012-09-14,21.11,21.25,20.91,21.02,3447500,19.3,20.65,21.25,1,0.12
2012-09-17,21.02,21.04,20.74,20.8,2738000,19.1,20.65,21.25,1,0.12
2012-09-18,20.82,20.9,20.68,20.81,2824700,19.11,20.722,21.25,0,0.02
2012-09-19,20.81,20.84,20.6,20.72,2474600,19.03,21.25,20.6,0,0.04
2012-09-20,20.71,21,20.65,20.87,3761800,19.16,21.224,20.6,0,0.04
2012-09-21,20.9,21.15,20.8,21.12,3542900,19.39,21.199,20.6,0,0.04
2012-09-24,21.01,21.31,21,21.29,2938300,19.55,21.1751,20.6,1,0.02
2012-09-25,21.29,21.44,21.26,21.42,3994500,19.67,20.6,21.44,1,0.04
2012-09-26,21.42,21.56,21.28,21.45,3886300,19.7,20.6336,21.56,1,0.06
2012-09-27,21.49,21.54,21.25,21.3,3265700,19.56,20.6892,21.56,1,0.06
2012-09-28,21.28,21.35,21.11,21.3,2536500,19.56,20.7414,21.56,1,0.06
2012-10-01,21.33,21.38,21.14,21.15,2864700,19.42,20.7905,21.56,1,0.06
2012-10-02,21.22,21.26,21.11,21.2,1963000,19.47,20.8367,21.56,1,0.06
2012-10-03,21.24,21.54,21.22,21.52,3202100,19.76,20.8801,21.56,1,0.06
2012-10-04,21.57,21.71,21.45,21.51,1709400,19.75,20.9209,21.71,1,0.08
2012-10-05,21.58,21.68,21.32,21.41,2458700,19.66,20.984,21.71,1,0.08
2012-10-08,21.41,21.49,21.27,21.41,1408200,19.66,21.0421,21.71,1,0.08
2012-10-09,21.37,21.44,21.28,21.36,1777000,19.61,21.0955,21.71,1,0.08
2012-10-10,21.4,21.43,21.25,21.29,1550700,19.55,21.1447,21.71,1,0.08
2012-10-11,21.37,21.39,21.15,21.18,1907300,19.45,21.1899,21.71,0,0.02
2012-10-12,21.27,21.27,21.03,21.13,1106000,19.4,21.71,21.03,0,0.04
2012-10-15,21.17,21.43,21.12,21.4,2148400,19.65,21.6828,21.03,0,0.04
2012-10-16,21.5,21.5,21.25,21.44,3214800,19.69,21.6567,21.03,0,0.04
2012-10-17,21.51,21.75,21.45,21.75,2954500,19.97,21.6316,21.03,1,0.02
2012-10-18,21.74,21.75,21.54,21.69,1908500,19.92,21.03,21.75,1,0.04
2012-10-19,21.69,21.72,21.39,21.41,1871500,19.66,21.0588,21.75,1,0.04
2012-10-22,21.3,21.36,21.15,21.24,2771500,19.5,21.0864,21.75,1,0.04
2012-10-23,21.08,21.13,20.87,21.04,2870600,19.32,21.113,21.75,0,0.02
2012-10-24,21.09,21.39,21.03,21.12,2385800,19.39,21.75,21.03,0,0.04
2012-10-25,21.21,21.38,21.12,21.38,1574100,19.63,21.7212,21.03,0,0.04
2012-10-26,21.4,21.5,21.12,21.47,2338300,19.72,21.6936,21.03,0,0.04
2012-10-31,21.54,21.71,21.46,21.67,1985600,19.9,21.667,21.03,1,0.02
2012-11-01,21.66,21.74,21.56,21.74,2905100,19.96,21.03,21.74,1,0.04
2012-11-02,21.8,21.81,21.53,21.54,1761200,19.78,21.0584,21.81,1,0.06
2012-11-05,21.49,21.49,21.27,21.37,1834200,19.62,21.1035,21.81,1,0.06
2012-11-06,21.39,21.63,21.31,21.48,2381500,19.72,21.1459,21.81,1,0.06
2012-11-07,21.43,21.51,20.58,20.63,5334200,18.94,21.1857,21.81,0,0.02
2012-11-08,20.55,20.86,20.36,20.39,4726200,18.72,21.81,20.36,0,0.04
2012-11-09,20.35,20.42,20.12,20.15,3547600,18.5,21.752,20.12,0,0.06
2012-11-12,20.15,20.25,20.01,20.16,2040300,18.51,21.6541,20.01,0,0.08
2012-11-13,20.03,20.43,19.93,19.96,4869200,18.33,21.5226,19.93,0,0.1
2012-11-14,19.96,20.05,19.42,19.49,3986100,18.08,21.3633,19.42,0,0.12
2012-11-15,19.49,19.6,18.95,19.13,6430300,17.75,21.1301,18.95,0,0.14
2012-11-16,19.18,19.59,19.17,19.58,4976700,18.16,20.8249,18.95,0,0.14
2012-11-19,19.71,19.71,19.29,19.38,4183800,17.98,20.5624,18.95,0,0.14
2012-11-20,19.42,19.48,19.18,19.36,3296500,17.96,20.3367,18.95,0,0.14
2012-11-21,19.4,19.45,19.15,19.3,2236000,17.9,20.1425,18.95,0,0.14
2012-11-23,19.32,19.34,19.13,19.26,1238700,17.87,19.9756,18.95,0,0.14
2012-11-26,19.18,19.58,19.18,19.56,3182600,18.15,19.832,18.95,0,0.14
2012-11-27,19.56,19.79,19.48,19.62,4584100,18.2,19.7085,18.95,1,0.02
2012-11-28,19.53,19.74,19.34,19.74,3277600,18.31,18.95,19.74,1,0.04
2012-11-29,19.97,19.97,19.65,19.76,2223200,18.33,18.9816,19.97,1,0.06
2012-11-30,19.76,19.88,19.6,19.73,7578400,18.3,19.0409,19.97,1,0.06
2012-12-03,19.73,19.89,19.56,19.76,2958400,18.33,19.0966,19.97,1,0.06
2012-12-04,19.75,19.76,19.52,19.63,2693500,18.21,19.1491,19.97,1,0.06
2012-12-05,19.68,20.15,19.64,19.92,4100200,18.48,19.1983,20.15,1,0.08
2012-12-06,19.94,20,19.8,19.86,2817300,18.42,19.2744,20.15,1,0.08
2012-12-07,19.88,19.93,19.68,19.84,3207600,18.41,19.3445,20.15,1,0.08
2012-12-10,19.84,20.07,19.73,19.92,2808900,18.48,19.4089,20.15,1,0.08
2012-12-11,19.94,20.12,19.83,19.88,3214200,18.44,19.4682,20.15,1,0.08
2012-12-12,19.9,20.04,19.83,19.85,2773900,18.42,19.5228,20.15,1,0.08
2012-12-13,19.83,19.96,19.79,19.83,2936400,18.4,19.5729,20.15,1,0.08
2012-12-14,19.86,19.91,19.64,19.67,1909900,18.25,19.6191,20.15,1,0.08
2012-12-17,19.71,19.98,19.64,19.84,2155000,18.41,19.64,20.15,1,0.08
2012-12-18,19.87,19.99,19.8,19.9,2128300,18.46,19.64,20.15,1,0.08
2012-12-19,19.89,19.93,19.68,19.72,2690800,18.29,19.64,20.15,1,0.08
2012-12-20,19.75,19.82,19.62,19.67,2681000,18.25,19.68,20.15,0,0.02
2012-12-21,19.47,19.63,19.36,19.46,4393900,18.05,20.15,19.36,0,0.04
2012-12-24,19.4,19.45,19.25,19.39,1038400,17.99,20.1184,19.25,0,0.06
2012-12-26,19.42,19.47,19.12,19.13,2172000,17.75,20.0663,19.12,0,0.08
2012-12-27,19.08,19.15,18.83,19.05,4020400,17.67,19.9906,18.83,0,0.1
2012-12-28,18.95,19.19,18.88,19,3110200,17.63,19.8745,18.83,0,0.1
2012-12-31,18.91,19.28,18.79,19.25,2557300,17.86,19.7701,18.79,0,0.12
2013-01-02,19.52,19.62,19.39,19.62,3043300,18.2,19.6525,18.79,0,0.12
2013-01-03,19.62,19.75,19.59,19.68,1990900,18.26,19.62,18.79,1,0.02
2013-01-04,19.67,19.85,19.63,19.82,2161000,18.39,18.79,19.85,1,0.04
2013-01-07,19.74,19.79,19.53,19.6,1981800,18.18,18.8324,19.85,1,0.04
2013-01-08,19.54,19.6,19.34,19.47,4052600,18.06,18.8731,19.85,1,0.04
2013-01-09,19.51,19.67,19.41,19.67,2498200,18.25,18.9122,19.85,1,0.04
2013-01-10,19.7,19.81,19.63,19.79,2605600,18.36,18.9497,19.85,1,0.04
2013-01-11,19.99,20.27,19.9,20.04,3661500,18.59,18.9857,20.27,1,0.06
2013-01-14,20.02,20.07,19.8,19.88,3053400,18.44,19.0628,20.27,1,0.06
2013-01-15,19.86,20.06,19.8,20.06,2935800,18.61,19.1352,20.27,1,0.06
2013-01-16,19.97,20.06,19.78,19.92,3760400,18.48,19.2033,20.27,1,0.06
2013-01-17,19.92,20.08,19.91,19.91,2692100,18.47,19.2673,20.27,1,0.06
2013-01-18,19.98,20.03,19.91,20.02,2759000,18.57,19.3275,20.27,1,0.06
2013-01-22,20.01,20.21,20,20.19,2301800,18.73,19.384,20.27,1,0.06
2013-01-23,20.12,20.18,20.02,20.16,1994000,18.7,19.4372,20.27,1,0.06
2013-01-24,20.19,20.36,20.06,20.24,2212200,18.78,19.4871,20.36,1,0.08
2013-01-25,20.25,20.34,20.1,20.33,2073700,18.86,19.557,20.36,1,0.08
2013-01-28,20.29,20.4,20.03,20.25,1879100,18.79,19.6212,20.4,1,0.1
2013-01-29,20.24,20.53,20.18,20.53,3155400,19.05,19.6991,20.53,1,0.12
2013-01-30,20.51,20.61,20.43,20.51,2146000,19.03,19.7988,20.61,1,0.14
2013-01-31,20.49,20.53,20.38,20.44,2409700,18.96,19.9124,20.61,1,0.14
2013-02-01,20.53,20.62,20.49,20.56,2774500,19.07,20.01,20.62,1,0.16
2013-02-04,20.51,20.59,20.48,20.53,1791500,19.05,20.1076,20.62,1,0.16
2013-02-05,20.57,20.74,20.57,20.67,3362000,19.18,20.1896,20.74,1,0.18
2013-02-06,20.59,20.81,20.45,20.78,4258100,19.28,20.2887,20.81,1,0.2
2013-02-07,20.84,20.87,20.64,20.87,3014000,19.36,20.3929,20.87,1,0.2
2013-02-08,20.85,20.91,20.75,20.91,2246000,19.4,20.45,20.91,1,0.2
2013-02-11,20.91,20.97,20.8,20.92,3130100,19.41,20.542,20.97,1,0.2
2013-02-12,20.88,21.06,20.83,21.05,3336800,19.53,20.6276,21.06,1,0.2
2013-02-13,20.87,21.01,20.66,20.78,3448400,19.47,20.7141,21.06,0,0.02
2013-02-14,20.76,20.86,20.39,20.43,6194000,19.14,21.06,20.39,0,0.04
2013-02-15,20.43,20.57,20.32,20.41,6050500,19.12,21.0332,20.32,0,0.06
2013-02-19,20.5,20.8,20.43,20.51,5022600,19.22,20.9904,20.32,0,0.06
2013-02-20,20.48,20.83,20.48,20.7,3801500,19.39,20.9502,20.32,0,0.06
2013-02-21,20.64,20.79,20.54,20.67,2942700,19.37,20.9124,20.32,0,0.06
2013-02-22,20.71,20.92,20.68,20.9,3329500,19.58,20.8768,20.32,1,0.02
2013-02-25,20.94,21.17,20.52,20.52,3592100,19.23,20.32,21.17,1,0.04
2013-02-26,20.63,20.9,20.5,20.7,4635700,19.39,20.354,21.17,1,0.04
2013-02-27,20.75,21.53,20.75,21.23,9133900,19.89,20.3866,21.53,1,0.06
2013-02-28,21.28,21.52,21.16,21.43,4961900,20.08,20.4552,21.53,1,0.06
2013-03-01,21.48,21.56,21.27,21.53,3290200,20.17,20.5197,21.56,1,0.08
2013-03-04,21.48,21.67,21.43,21.65,2023500,20.28,20.6029,21.67,1,0.1
2013-03-05,21.71,21.95,21.68,21.86,3465500,20.48,20.7097,21.95,1,0.12
2013-03-06,21.89,21.9,21.61,21.71,2227000,20.34,20.8585,21.95,1,0.12
2013-03-07,21.7,21.78,21.6,21.63,2092500,20.27,20.9895,21.95,1,0.12
2013-03-08,21.72,21.87,21.63,21.82,2884400,20.44,21.1047,21.95,1,0.12
2013-03-11,21.8,21.92,21.76,21.85,1452900,20.47,21.2062,21.95,1,0.12
2013-03-12,21.88,21.94,21.74,21.77,1797700,20.4,21.2954,21.95,1,0.12
2013-03-13,21.82,21.88,21.74,21.87,1769300,20.49,21.374,21.95,1,0.12
2013-03-14,21.86,21.9,21.74,21.84,2409600,20.46,21.4431,21.95,1,0.12
2013-03-15,23.84,24.01,22.83,23.41,24499700,21.93,21.5039,24.01,1,0.14
2013-03-18,23.04,23.52,22.96,23.11,7814300,21.65,21.74,24.01,1,0.14
2013-03-19,23.21,23.27,22.84,22.97,3221900,21.52,22.0578,24.01,1,0.14
2013-03-20,23.04,23.22,22.99,23.12,2810000,21.66,22.3311,24.01,1,0.14
2013-03-21,23,23.47,22.95,23.44,5159800,21.96,22.5662,24.01,1,0.14
2013-03-22,23.4,23.65,23.36,23.43,3480000,21.95,22.7683,24.01,1,0.14
2013-03-25,23.5,23.65,23.2,23.41,3283400,21.93,22.9421,24.01,1,0.14
2013-03-26,23.55,23.76,23.49,23.75,2971200,22.25,23.0916,24.01,1,0.14
2013-03-27,23.6,23.8,23.56,23.67,2384900,22.18,23.2,24.01,1,0.14
2013-03-28,23.71,24.05,23.64,23.96,3165200,22.45,23.3134,24.05,1,0.16
2013-04-01,23.89,23.99,23.7,23.8,2002900,22.3,23.4313,24.05,1,0.16
2013-04-02,23.86,24.08,23.84,23.96,2891200,22.45,23.5303,24.08,1,0.18
2013-04-03,23.98,24.04,23.66,23.73,2647100,22.23,23.6292,24.08,1,0.18
2013-04-04,23.78,24.02,23.75,23.94,3438100,22.43,23.66,24.08,1,0.18
2013-04-05,23.64,23.93,23.52,23.87,3275800,22.36,23.66,24.08,0,0.02
2013-04-08,23.85,24.08,23.82,24.07,2957800,22.55,24.08,23.82,0,0.04
2013-04-09,24.15,24.2,23.92,23.94,4057700,22.43,24.08,23.82,1,0.02
2013-04-10,24,24.15,23.96,24.1,2946400,22.58,23.82,24.15,1,0.04
2013-04-11,24.18,24.26,24.11,24.23,1973800,22.7,23.8332,24.26,1,0.06
2013-04-12,24.18,24.24,24.02,24.02,2731800,22.5,23.8588,24.26,1,0.06
2013-04-15,24,24.04,23.51,23.51,3865900,22.03,23.8829,24.26,0,0.02
2013-04-16,23.67,23.86,23.54,23.85,3585500,22.35,24.26,23.54,0,0.04
2013-04-17,23.74,23.84,23.42,23.57,3483200,22.08,24.2312,23.42,0,0.06
2013-04-18,23.58,23.88,23.56,23.74,2736900,22.24,24.1825,23.42,0,0.06
2013-04-19,23.84,24.16,23.75,24.14,1787500,22.62,24.1368,23.42,1,0.02
2013-04-22,24.11,24.19,23.86,24.02,1734800,22.5,23.42,24.19,1,0.04
2013-04-23,24.11,24.2,23.91,24.19,1756700,22.66,23.4508,24.2,1,0.06
2013-04-24,24.28,24.34,24.12,24.19,1915700,22.66,23.4958,24.34,1,0.08
2013-04-25,24.34,24.44,24.22,24.32,1679500,22.79,23.5633,24.44,1,0.1
2013-04-26,24.3,24.43,24.25,24.26,1515300,22.73,23.651,24.44,1,0.1
2013-04-29,24.36,24.7,24.26,24.52,2232400,22.97,23.7299,24.7,1,0.12
2013-04-30,24.56,24.69,24.37,24.68,2899100,23.12,23.8463,24.7,1,0.12
2013-05-01,24.68,24.73,24.27,24.34,3023000,22.8,23.9487,24.73,1,0.14
2013-05-02,24.1,24.4,23.93,24.14,3701600,22.62,24.0581,24.73,0,0.02
2013-05-03,24.17,24.59,23.96,24.34,5153200,22.8,24.73,23.96,0,0.04
2013-05-06,24.3,24.32,24.12,24.18,3518800,22.65,24.6992,23.96,0,0.04
2013-05-07,24.25,24.42,24.19,24.38,3903800,22.84,24.6696,23.96,0,0.04
2013-05-08,24.33,24.47,24.12,24.22,1998500,22.69,24.6412,23.96,0,0.04
2013-05-09,23.97,24.3,23.95,24.09,3433800,22.57,24.614,23.95,0,0.06
2013-05-10,24.1,24.23,24.03,24.21,2137500,22.68,24.5742,23.95,0,0.06
2013-05-13,24.1,24.19,24,24.08,3067400,22.56,24.5367,23.95,0,0.06
2013-05-14,23.83,24.3,23.76,24.13,3969800,22.8,24.5015,23.76,0,0.08
2013-05-15,24.1,24.53,24.06,24.41,2756100,23.07,24.4422,23.76,1,0.02
2013-05-16,24.33,24.41,24.07,24.1,2381500,22.78,23.76,24.41,1,0.04
2013-05-17,24.16,24.37,24.08,24.3,2542500,22.96,23.786,24.41,1,0.04
2013-05-20,24.21,24.39,24.15,24.27,2061800,22.94,23.811,24.41,1,0.04
2013-05-21,24.29,24.52,24.19,24.37,1703500,23.03,23.8349,24.52,1,0.06
2013-05-22,24.34,24.48,23.68,23.74,2620300,22.44,23.876,24.52,0,0.02
2013-05-23,23.57,23.94,23.45,23.86,3264600,22.55,24.52,23.45,0,0.04
2013-05-24,23.65,23.79,23.44,23.56,2005600,22.27,24.48,23.44,0,0.06
2013-05-28,23.63,23.87,23.31,23.43,2122200,22.14,24.4176,23.31,0,0.08
2013-05-29,23.26,23.34,22.81,23.04,2358000,21.77,24.329,22.81,0,0.1
2013-05-30,23.14,23.6,23.06,23.2,2396200,21.93,24.1771,22.81,0,0.1
2013-05-31,23.15,23.72,23.09,23.18,4218900,21.91,24.0404,22.81,0,0.1
2013-06-01,23.15,23.72,23.09,23.18,4218900,21.91,23.9173,22.81,0,0.1
